,count,mean,std,min,25%,50%,75%,max
DUREE_RESO_H,2769.0,21234.36189769672,5075.863353392978,12438.464444444444,16808.266111111112,21306.388055555555,25613.881944444445,29947.068888888887
